{
  "tokenizer": "simple",
  "rag_included": false,
  "rows": [
    {
      "method": "bm25",
      "category": "ALL",
      "ranks": true,
      "mean_tokens": 429.514,
      "mean_tokens_ci": [
        412.4832,
        446.59425
      ],
      "norm_tokens": 85.038,
      "norm_tokens_ci": [
        81.59295,
        88.55014999999999
      ],
      "recall": 0.572,
      "recall_ci": [
        0.5299500000000001,
        0.614
      ],
      "contains_gold": 0.572,
      "contains_gold_ci": [
        0.5299500000000001,
        0.614
      ],
      "precision": 0.11459893328037403,
      "ndcg": 0.569773705614469,
      "mrr": 0.5690666666666667,
      "staleness": 0,
      "serves_stale": 0.75,
      "serves_stale_n": 132,
      "n": 500
    },
    {
      "method": "bm25",
      "category": "exact",
      "ranks": true,
      "mean_tokens": 542.0138248847926,
      "mean_tokens_ci": [
        534.2988479262673,
        549.8296082949308
      ],
      "norm_tokens": 106.64976958525345,
      "norm_tokens_ci": [
        105.01370967741936,
        108.33652073732719
      ],
      "recall": 1.0,
      "recall_ci": [
        1.0,
        1.0
      ],
      "contains_gold": 1.0,
      "contains_gold_ci": [
        1.0,
        1.0
      ],
      "precision": 0.19704727495965554,
      "ndcg": 1.0,
      "mrr": 1.0,
      "staleness": 0,
      "serves_stale": 1,
      "serves_stale_n": 33,
      "n": 217
    },
    {
      "method": "bm25",
      "category": "graph",
      "ranks": true,
      "mean_tokens": 577.2121212121212,
      "mean_tokens_ci": [
        561.7575757575758,
        593.819696969697
      ],
      "norm_tokens": 121.9090909090909,
      "norm_tokens_ci": [
        118.0909090909091,
        125.18181818181819
      ],
      "recall": 1.0,
      "recall_ci": [
        1.0,
        1.0
      ],
      "contains_gold": 1.0,
      "contains_gold_ci": [
        1.0,
        1.0
      ],
      "precision": 0.211215272332451,
      "ndcg": 1.0,
      "mrr": 1.0,
      "staleness": 0,
      "serves_stale": 1,
      "serves_stale_n": 33,
      "n": 33
    },
    {
      "method": "bm25",
      "category": "semantic",
      "ranks": true,
      "mean_tokens": 272.0921658986175,
      "mean_tokens_ci": [
        244.75518433179724,
        298.5641705069124
      ],
      "norm_tokens": 52.21198156682028,
      "norm_tokens_ci": [
        47.096774193548384,
        57.221428571428575
      ],
      "recall": 0.013824884792626729,
      "recall_ci": [
        0.0,
        0.03225806451612903
      ],
      "contains_gold": 0.013824884792626729,
      "contains_gold_ci": [
        0.0,
        0.03225806451612903
      ],
      "precision": 0.0027649769585253456,
      "ndcg": 0.008695174226887288,
      "mrr": 0.00706605222734255,
      "staleness": 0,
      "serves_stale": 0,
      "serves_stale_n": 33,
      "n": 217
    },
    {
      "method": "bm25",
      "category": "status",
      "ranks": true,
      "mean_tokens": 577.2121212121212,
      "mean_tokens_ci": [
        561.7575757575758,
        593.819696969697
      ],
      "norm_tokens": 121.9090909090909,
      "norm_tokens_ci": [
        118.0909090909091,
        125.18181818181819
      ],
      "recall": 1.0,
      "recall_ci": [
        1.0,
        1.0
      ],
      "contains_gold": 1.0,
      "contains_gold_ci": [
        1.0,
        1.0
      ],
      "precision": 0.211215272332451,
      "ndcg": 1.0,
      "mrr": 1.0,
      "staleness": 0,
      "serves_stale": 1,
      "serves_stale_n": 33,
      "n": 33
    },
    {
      "method": "bm25-status-aware",
      "category": "ALL",
      "ranks": true,
      "mean_tokens": 423.64,
      "mean_tokens_ci": [
        406.93694999999997,
        440.20120000000003
      ],
      "norm_tokens": 85.038,
      "norm_tokens_ci": [
        81.59295,
        88.55014999999999
      ],
      "recall": 0.572,
      "recall_ci": [
        0.5299500000000001,
        0.614
      ],
      "contains_gold": 0.572,
      "contains_gold_ci": [
        0.5299500000000001,
        0.614
      ],
      "precision": 0.11669135307454932,
      "ndcg": 0.569773705614469,
      "mrr": 0.5690666666666667,
      "staleness": 0,
      "serves_stale": 0,
      "serves_stale_n": 132,
      "n": 500
    },
    {
      "method": "bm25-status-aware",
      "category": "exact",
      "ranks": true,
      "mean_tokens": 533.5437788018434,
      "mean_tokens_ci": [
        526.3264976958526,
        540.7390552995391
      ],
      "norm_tokens": 106.64976958525345,
      "norm_tokens_ci": [
        105.01370967741936,
        108.33652073732719
      ],
      "recall": 1.0,
      "recall_ci": [
        1.0,
        1.0
      ],
      "contains_gold": 1.0,
      "contains_gold_ci": [
        1.0,
        1.0
      ],
      "precision": 0.20004400328606292,
      "ndcg": 1.0,
      "mrr": 1.0,
      "staleness": 0,
      "serves_stale": 0,
      "serves_stale_n": 33,
      "n": 217
    },
    {
      "method": "bm25-status-aware",
      "category": "graph",
      "ranks": true,
      "mean_tokens": 561.2424242424242,
      "mean_tokens_ci": [
        546.1204545454545,
        577.1242424242424
      ],
      "norm_tokens": 121.9090909090909,
      "norm_tokens_ci": [
        118.0909090909091,
        125.18181818181819
      ],
      "recall": 1.0,
      "recall_ci": [
        1.0,
        1.0
      ],
      "contains_gold": 1.0,
      "contains_gold_ci": [
        1.0,
        1.0
      ],
      "precision": 0.21721405794240922,
      "ndcg": 1.0,
      "mrr": 1.0,
      "staleness": 0,
      "serves_stale": 0,
      "serves_stale_n": 33,
      "n": 33
    },
    {
      "method": "bm25-status-aware",
      "category": "semantic",
      "ranks": true,
      "mean_tokens": 271.8847926267281,
      "mean_tokens_ci": [
        244.63398617511524,
        297.87119815668206
      ],
      "norm_tokens": 52.21198156682028,
      "norm_tokens_ci": [
        47.096774193548384,
        57.221428571428575
      ],
      "recall": 0.013824884792626729,
      "recall_ci": [
        0.0,
        0.03225806451612903
      ],
      "contains_gold": 0.013824884792626729,
      "contains_gold_ci": [
        0.0,
        0.03225806451612903
      ],
      "precision": 0.0027649769585253456,
      "ndcg": 0.008695174226887288,
      "mrr": 0.00706605222734255,
      "staleness": 0,
      "serves_stale": 0,
      "serves_stale_n": 33,
      "n": 217
    },
    {
      "method": "bm25-status-aware",
      "category": "status",
      "ranks": true,
      "mean_tokens": 561.2424242424242,
      "mean_tokens_ci": [
        546.1204545454545,
        577.1242424242424
      ],
      "norm_tokens": 121.9090909090909,
      "norm_tokens_ci": [
        118.0909090909091,
        125.18181818181819
      ],
      "recall": 1.0,
      "recall_ci": [
        1.0,
        1.0
      ],
      "contains_gold": 1.0,
      "contains_gold_ci": [
        1.0,
        1.0
      ],
      "precision": 0.21721405794240922,
      "ndcg": 1.0,
      "mrr": 1.0,
      "staleness": 0,
      "serves_stale": 0,
      "serves_stale_n": 33,
      "n": 33
    },
    {
      "method": "data-olympus",
      "category": "ALL",
      "ranks": true,
      "mean_tokens": 308.87,
      "mean_tokens_ci": [
        300.0854,
        317.2856
      ],
      "norm_tokens": 90.038,
      "norm_tokens_ci": [
        86.89769999999999,
        93.01474999999999
      ],
      "recall": 0.582,
      "recall_ci": [
        0.538,
        0.626
      ],
      "contains_gold": 0.582,
      "contains_gold_ci": [
        0.538,
        0.626
      ],
      "precision": 0.176860561982226,
      "ndcg": 0.5749324833593707,
      "mrr": 0.5726333333333333,
      "staleness": 0,
      "serves_stale": 0,
      "serves_stale_n": 132,
      "n": 500
    },
    {
      "method": "data-olympus",
      "category": "exact",
      "ranks": true,
      "mean_tokens": 351.60829493087556,